Timestamp,Unit,X,Y,Z
50,0,-325,240,-489
63,1,-295,204,-460
76,2,-279,180,-447
89,3,-265,151,-430
102,4,-261,138,-430
115,5,-253,123,-418
128,6,-241,132,-412
141,7,-232,136,-409
154,8,-225,133,-406
167,9,-220,115,-400
180,10,-210,118,-411
193,11,-213,115,-403
206,12,-220,123,-408
219,13,-220,141,-406
232,14,-211,142,-409
245,15,-211,163,-408
258,16,-207,166,-409
271,17,-201,181,-412
284,18,-201,181,-420
297,19,-195,177,-409
310,20,-187,159,-414
323,21,-193,168,-414
336,22,-184,177,-411
349,23,-187,180,-409
362,24,-181,147,-414
375,25,-181,147,-415
388,26,-192,136,-418
401,27,-199,129,-414
414,28,-205,123,-421
427,29,-214,130,-414
440,30,-207,112,-418
453,31,-217,108,-421
466,32,-210,109,-415
479,33,-222,100,-418
492,34,-219,111,-418
505,35,-213,111,-417
518,36,-217,121,-423
531,37,-225,126,-426
544,38,-237,126,-423
557,39,-262,126,-438
570,40,-271,129,-445
583,41,-283,135,-445
596,42,-294,151,-445
609,43,-285,151,-439
622,44,-292,163,-450
635,45,-291,172,-450
648,46,-285,189,-444
661,47,-295,190,-438
674,48,-298,216,-445
687,49,-309,226,-444
700,50,-312,247,-441
713,51,-324,280,-430
726,52,-340,306,-432
739,53,-337,324,-420
752,54,-348,355,-415
765,55,-361,373,-406
778,56,-361,400,-376
791,57,-373,442,-373
804,58,-369,453,-357
817,59,-381,475,-325
830,60,-385,504,-315
843,61,-384,525,-306
856,62,-390,538,-273
869,63,-385,571,-250
882,64,-388,589,-238
895,65,-393,594,-211
908,66,-388,606,-186
921,67,-393,622,-165
934,68,-391,645,-106
947,69,-388,655,-94
960,70,-384,664,-85
973,71,-385,666,-67
986,72,-373,664,-52
999,73,-366,657,-33
1012,74,-351,661,-37
1025,75,-340,660,-42
1038,76,-342,664,-40
1051,77,-324,657,-60
1064,78,-330,651,-85
1077,79,-333,637,-99
1090,80,-331,631,-120
1103,81,-315,624,-133
1116,82,-309,622,-150
1129,83,-310,592,-202
1142,84,-301,562,-235
1155,85,-301,532,-276
1168,86,-307,466,-333
1181,87,-310,433,-354
1194,88,-306,396,-385
1207,89,-325,316,-405
1220,90,-327,292,-415
1233,91,-339,277,-438
1246,92,-343,234,-435
1259,93,-357,198,-445
1272,94,-370,169,-444
1285,95,-376,109,-441
1298,96,-373,81,-424
1311,97,-385,46,-427
1324,98,-379,1,-411
1337,99,-372,-30,-393
1350,100,-378,-52,-384
1363,101,-391,-78,-372
1376,102,-409,-97,-366
1389,103,-411,-102,-349
1402,104,-426,-117,-346
1415,105,-433,-114,-337
1428,106,-448,-120,-346
1441,107,-460,-109,-348
1454,108,-480,-93,-355
1467,109,-495,-90,-357
1480,110,-505,-33,-391
1493,111,-537,-6,-388
1506,112,-552,27,-399
1519,113,-561,79,-397
1532,114,-615,99,-403
1545,115,-613,108,-400
1558,116,-627,147,-397
1571,117,-660,157,-387
1584,118,-672,163,-376
1597,119,-682,195,-366
1610,120,-687,198,-355
1623,121,-706,201,-343
1636,122,-723,250,-304
1649,123,-762,273,-291
1662,124,-775,300,-276
1675,125,-780,354,-216
1688,126,-802,372,-193
1701,127,-808,402,-169
1714,128,-816,426,-108
1727,129,-819,444,-79
1740,130,-817,459,-48
1753,131,-820,483,13
1766,132,-811,501,61
1779,133,-807,514,87
1792,134,-792,505,144
1805,135,-781,514,177
1818,136,-762,505,207
1831,137,-733,505,258
1844,138,-715,502,291
1857,139,-709,492,304
1870,140,-697,492,312
1883,141,-693,496,316
1896,142,-687,489,327
1909,143,-673,495,331
1922,144,-675,495,322
1935,145,-667,504,324
1948,146,-654,522,318
1961,147,-640,528,313
1974,148,-645,531,301
1987,149,-625,558,295
2000,150,-624,564,288
2013,151,-627,574,273
2026,152,-609,577,270
2039,153,-598,585,264
2052,154,-598,579,262
2065,155,-595,597,250
2078,156,-598,598,237
2091,157,-598,606,220
2104,158,-615,613,183
2117,159,-630,621,178
2130,160,-640,609,172
2143,161,-645,618,150
2156,162,-645,622,138
2169,163,-655,618,144
2182,164,-648,615,127
2195,165,-646,627,126
2208,166,-651,628,114
2221,167,-648,616,112
2234,168,-646,618,105
2247,169,-645,625,102
2260,170,-628,631,84
2273,171,-616,634,78
2286,172,-615,631,70
2299,173,-613,631,36
2312,174,-607,636,28
2325,175,-601,639,27
2338,176,-604,625,-18
2351,177,-592,630,-49
2364,178,-589,622,-63
2377,179,-594,612,-88
2390,180,-588,613,-99
2403,181,-577,601,-111
2416,182,-564,607,-138
2429,183,-567,588,-136
2442,184,-556,589,-153
2455,185,-546,592,-145
2468,186,-528,588,-144
2481,187,-532,588,-159
2494,188,-522,603,-163
2507,189,-510,597,-159
2520,190,-502,591,-163
2533,191,-471,600,-166
2546,192,-462,592,-163
2559,193,-447,603,-157
2572,194,-420,612,-144
2585,195,-409,601,-138
2598,196,-396,606,-127
2611,197,-382,613,-136
2624,198,-384,613,-136
2637,199,-373,613,-130
2650,200,-382,601,-133
2663,201,-394,618,-127
2676,202,-396,619,-121
2689,203,-418,612,-112
2702,204,-441,610,-114
2715,205,-457,619,-111
2728,206,-498,624,-100
2741,207,-528,622,-73
2754,208,-543,622,-66
2767,209,-577,627,-42
2780,210,-595,621,-24
2793,211,-604,615,-18
2806,212,-625,613,10
2819,213,-640,604,33
2832,214,-651,616,43
2845,215,-640,612,72
2858,216,-640,607,82
2871,217,-646,601,103
2884,218,-654,601,139
2897,219,-657,583,157
2910,220,-658,588,159
2923,221,-664,570,180
2936,222,-663,570,192
2949,223,-664,574,198
2962,224,-652,576,220
2975,225,-628,571,220
2988,226,-624,574,235
3001,227,-613,577,259
3014,228,-589,562,262
3027,229,-592,564,270
3040,230,-574,562,277
3053,231,-573,564,274
3066,232,-562,567,292
3079,233,-552,574,274
3092,234,-565,565,286
3105,235,-567,573,280
3118,236,-564,558,309
3131,237,-552,564,295
3144,238,-538,565,300
3157,239,-510,568,297
3170,240,-504,583,300
3183,241,-499,594,288
3196,242,-472,604,243
3209,243,-444,621,232
3222,244,-421,630,196
3235,245,-390,646,168
3248,246,-378,631,153
3261,247,-387,643,150
3274,248,-376,645,115
3287,249,-361,654,94
3300,250,-372,648,70
3313,251,-355,649,9
3326,252,-361,660,-21
3339,253,-345,648,-57
3352,254,-339,631,-118
3365,255,-342,621,-141
3378,256,-337,607,-163
3391,257,-313,582,-193
3404,258,-304,579,-198
3417,259,-292,565,-195
3430,260,-268,543,-223
3443,261,-252,514,-253
3456,262,-256,475,-295
3469,263,-225,378,-354
3482,264,-223,346,-360
3495,265,-223,315,-357
3508,266,-208,283,-381
3521,267,-204,277,-381
3534,268,-198,259,-378
3547,269,-166,202,-366
3560,270,-156,175,-361
3573,271,-135,133,-346
3586,272,-106,64,-309
3599,273,-102,40,-298
3612,274,-94,25,-283
3625,275,-75,-13,-250
3638,276,-79,-22,-229
3651,277,-75,-36,-225
3664,278,-78,-54,-213
3677,279,-69,-55,-201
3690,280,-70,-66,-202
3703,281,-79,-84,-180
3716,282,-78,-87,-175
3729,283,-78,-99,-168
3742,284,-90,-118,-139
3755,285,-111,-133,-129
3768,286,-117,-151,-121
3781,287,-135,-174,-84
3794,288,-151,-202,-75
3807,289,-163,-201,-60
3820,290,-201,-231,-37
3833,291,-213,-235,-16
3846,292,-225,-235,3
3859,293,-243,-249,25
3872,294,-253,-244,31
3885,295,-267,-249,45
3898,296,-322,-267,43
3911,297,-330,-262,42
3924,298,-345,-264,52
3937,299,-379,-265,48
3950,300,-393,-265,43
3963,301,-414,-259,45
3976,302,-441,-258,42
3989,303,-462,-261,33
4002,304,-477,-253,30
4015,305,-528,-249,21
4028,306,-534,-237,4
4041,307,-558,-235,6
4054,308,-588,-222,-10
4067,309,-595,-226,-9
4080,310,-618,-217,-21
4093,311,-637,-202,-25
4106,312,-654,-196,-16
4119,313,-660,-187,-22
4132,314,-688,-181,-13
4145,315,-699,-166,-6
4158,316,-717,-157,9
4171,317,-748,-138,12
4184,318,-760,-127,16
4197,319,-769,-118,21
4210,320,-792,-99,37
4223,321,-786,-88,46
4236,322,-810,-69,55
4249,323,-822,-51,45
4262,324,-825,-43,42
4275,325,-826,-30,36
4288,326,-828,-25,46
4301,327,-822,-22,43
4314,328,-844,-13,34
4327,329,-834,-19,27
4340,330,-834,-12,21
4353,331,-835,-22,31
4366,332,-843,-19,15
4379,333,-837,-24,15
4392,334,-822,-31,7
4405,335,-825,-30,-7
4418,336,-826,-34,-19
4431,337,-820,-46,-36
4444,338,-834,-13,-69
4457,339,-828,1,-91
4470,340,-837,7,-90
4483,341,-864,43,-105
4496,342,-852,54,-112
4509,343,-853,60,-112
4522,344,-861,97,-126
4535,345,-856,87,-135
4548,346,-862,97,-127
4561,347,-852,105,-148
4574,348,-847,111,-159
4587,349,-850,112,-171
4600,350,-837,129,-190
4613,351,-834,141,-196
4626,352,-835,141,-198
4639,353,-828,142,-210
4652,354,-820,148,-222
4665,355,-822,147,-231
4678,356,-811,142,-241
4691,357,-802,129,-246
4704,358,-799,130,-243
4717,359,-787,120,-259
4730,360,-774,121,-268
4743,361,-772,117,-274
4756,362,-756,106,-295
4769,363,-762,118,-298
4782,364,-751,118,-301
4795,365,-736,112,-303
4808,366,-738,115,-313
4821,367,-724,112,-316
4834,368,-702,99,-336
4847,369,-691,103,-330
4860,370,-675,111,-351
4873,371,-649,93,-361
4886,372,-631,94,-372
4899,373,-624,81,-372
4912,374,-600,79,-375
4925,375,-576,75,-387
4938,376,-574,73,-381
4951,377,-555,66,-382
4964,378,-556,79,-393
4977,379,-541,69,-391
4990,380,-516,73,-403
5003,381,-508,55,-405
5016,382,-481,52,-390
5029,383,-445,48,-399
5042,384,-441,46,-400
5055,385,-418,37,-403
5068,386,-391,46,-390
5081,387,-376,34,-402
5094,388,-375,30,-388
5107,389,-357,28,-400
5120,390,-358,37,-390
5133,391,-352,42,-388
5146,392,-346,31,-382
5159,393,-345,18,-397
5172,394,-351,21,-384
5185,395,-342,3,-378
5198,396,-333,-9,-379
5211,397,-330,-18,-375
5224,398,-321,-22,-364
5237,399,-318,-25,-361
5250,400,-309,-33,-357
5263,401,-306,-51,-361
5276,402,-297,-36,-352
5289,403,-309,-37,-360
5302,404,-310,-39,-348
5315,405,-313,-48,-346
5328,406,-301,-49,-337
5341,407,-310,-70,-334
5354,408,-309,-84,-322
5367,409,-312,-100,-315
5380,410,-313,-106,-297
5393,411,-303,-106,-309
5406,412,-297,-105,-312
5419,413,-295,-87,-313
5432,414,-297,-84,-321
5445,415,-292,-67,-349
5458,416,-286,-31,-357
5471,417,-286,-19,-363
5484,418,-289,-4,-372
5497,419,-295,22,-375
5510,420,-306,30,-379
5523,421,-294,34,-388
5536,422,-322,75,-408
5549,423,-355,118,-423
5562,424,-382,147,-426
5575,425,-409,220,-430
5588,426,-411,247,-417
5601,427,-406,267,-418
5614,428,-429,304,-409
5627,429,-420,315,-406
5640,430,-433,330,-399
5653,431,-447,334,-397
5666,432,-448,339,-393
5679,433,-462,339,-405
5692,434,-472,334,-400
5705,435,-474,339,-382
5718,436,-472,342,-393
5731,437,-490,355,-390
5744,438,-483,351,-387
5757,439,-484,355,-382
5770,440,-490,357,-378
5783,441,-486,352,-388
5796,442,-475,363,-372
5809,443,-471,360,-369
5822,444,-478,363,-367
5835,445,-475,363,-369
5848,446,-474,358,-367
5861,447,-462,351,-373
5874,448,-460,340,-382
5887,449,-433,339,-379
5900,450,-426,343,-378
5913,451,-417,345,-372
5926,452,-397,367,-372
5939,453,-390,388,-349
5952,454,-367,414,-328
5965,455,-327,433,-321
5978,456,-325,454,-297
5991,457,-301,468,-265
6004,458,-274,477,-240
6017,459,-243,510,-207
6030,460,-219,510,-133
6043,461,-207,543,-103
6056,462,-208,561,-70
6069,463,-201,568,-9
6082,464,-226,577,-1
6095,465,-211,588,1
6108,466,-202,579,18
6121,467,-187,577,36
6134,468,-174,573,49
6147,469,-177,570,88
6160,470,-160,562,102
6173,471,-142,546,111
6186,472,-141,537,118
6199,473,-129,522,126
6212,474,-111,534,127
6225,475,-112,526,136
6238,476,-111,519,130
6251,477,-111,534,129
6264,478,-127,525,124
6277,479,-117,538,129
6290,480,-115,529,130
6303,481,-108,529,135
6316,482,-100,519,144
6329,483,-93,511,157
6342,484,-96,510,172
6355,485,-73,492,171
6368,486,-69,484,180
6381,487,-57,478,174
6394,488,-27,444,175
6407,489,-18,432,168
6420,490,-9,409,190
6433,491,1,381,186
6446,492,18,375,162
6459,493,27,357,147
6472,494,28,336,136
6485,495,36,333,139
6498,496,31,336,138
6511,497,21,354,162
6524,498,9,355,174
6537,499,15,367,186
6550,500,-4,376,189
6563,501,-15,384,186
6576,502,-12,396,174
6589,503,-15,405,168
6602,504,-19,412,150
6615,505,-22,420,133
6628,506,-10,409,129
6641,507,-13,420,112
6654,508,-15,415,100
6667,509,-16,409,97
6680,510,-1,414,87
6693,511,-3,411,60
6706,512,-13,417,43
6719,513,-10,408,34
6732,514,-7,411,3
6745,515,-19,415,-7
6758,516,-10,420,-24
6771,517,-22,415,-51
6784,518,-27,408,-54
6797,519,-27,411,-70
6810,520,-37,406,-87
6823,521,-52,418,-103
6836,522,-64,430,-103
6849,523,-79,432,-106
6862,524,-84,463,-112
6875,525,-87,471,-106
6888,526,-91,474,-96
6901,527,-114,487,-100
6914,528,-120,505,-96
6927,529,-118,496,-106
6940,530,-136,514,-108
6953,531,-138,505,-109
6966,532,-144,511,-105
6979,533,-135,513,-115
6992,534,-145,513,-109
7005,535,-145,510,-118
7018,536,-129,492,-118
7031,537,-136,502,-121
7044,538,-150,495,-117
7057,539,-135,502,-126
7070,540,-136,501,-127
7083,541,-136,499,-115
7096,542,-120,498,-112
7109,543,-121,496,-117
7122,544,-117,489,-120
7135,545,-99,477,-111
7148,546,-85,465,-109
7161,547,-78,456,-105
7174,548,-63,423,-120
7187,549,-52,412,-109
7200,550,-28,388,-117
7213,551,-9,352,-102
7226,552,12,331,-94
7239,553,12,303,-84
7252,554,31,273,-76
7265,555,39,252,-69
7278,556,42,225,-57
7291,557,51,193,-58
7304,558,52,192,-52
7317,559,48,226,-57
7330,560,27,336,-37
7343,561,9,390,-16
7356,562,-4,432,24
7369,563,-13,453,21
7382,564,-9,450,18
7395,565,-15,447,25
7408,566,-12,453,28
7421,567,-9,456,34
7434,568,-12,462,31
7447,569,-13,456,37
7460,570,-7,456,36
7473,571,-15,459,49
7486,572,-28,475,61
7499,573,-33,475,58
7512,574,-51,490,52
7525,575,-57,492,51
7538,576,-72,495,48
7551,577,-73,505,28
7564,578,-91,519,13
7577,579,-111,520,15
7590,580,-126,538,1
7603,581,-150,555,-4
7616,582,-174,559,-12
7629,583,-189,579,-15
7642,584,-237,600,-10
7655,585,-255,609,-6
7668,586,-283,628,3
7681,587,-322,625,12
7694,588,-345,624,9
7707,589,-372,645,34
7720,590,-424,642,40
7733,591,-450,648,46
7746,592,-481,643,45
7759,593,-525,639,46
7772,594,-528,633,60
7785,595,-546,627,66
7798,596,-574,634,70
7811,597,-597,621,67
7824,598,-613,603,66
7837,599,-622,604,79
7850,600,-639,597,70
7863,601,-633,598,60
7876,602,-640,595,57
7889,603,-634,606,60
7902,604,-640,601,49
7915,605,-628,598,48
7928,606,-622,603,39
7941,607,-618,601,34
7954,608,-621,604,24
7967,609,-607,600,4
7980,610,-603,595,-25
7993,611,-588,606,-43
8006,612,-586,589,-52
8019,613,-571,597,-79
8032,614,-579,594,-81
8045,615,-562,589,-108
8058,616,-556,574,-136
8071,617,-550,573,-163
8084,618,-529,567,-168
8097,619,-541,571,-160
8110,620,-532,571,-160
8123,621,-520,576,-157
8136,622,-534,595,-115
8149,623,-564,588,-88
8162,624,-573,597,-81
8175,625,-573,592,-58
8188,626,-555,598,-48
8201,627,-553,601,-45
8214,628,-541,606,-43
8227,629,-531,609,-36
8240,630,-541,616,-25
8253,631,-531,607,-25
8266,632,-526,621,-39
8279,633,-535,609,-46
8292,634,-535,610,-67
8305,635,-537,603,-85
8318,636,-528,603,-73
8331,637,-531,600,-111
8344,638,-520,591,-117
8357,639,-507,583,-127
8370,640,-507,583,-150
8383,641,-502,580,-163
8396,642,-507,565,-160
8409,643,-495,571,-166
8422,644,-498,568,-172
8435,645,-510,571,-172
8448,646,-507,559,-178
8461,647,-501,570,-172
8474,648,-495,568,-175
8487,649,-507,579,-193
8500,650,-484,564,-190
8513,651,-484,567,-192
8526,652,-495,565,-208
8539,653,-492,559,-214
8552,654,-483,553,-196
8565,655,-480,553,-214
8578,656,-477,559,-205
8591,657,-453,555,-216
8604,658,-454,558,-195
8617,659,-439,559,-211
8630,660,-429,556,-204
8643,661,-430,561,-192
8656,662,-420,565,-189
8669,663,-424,567,-189
8682,664,-418,570,-198
8695,665,-417,574,-202
8708,666,-406,558,-196
8721,667,-417,558,-210
8734,668,-420,558,-213
8747,669,-396,550,-202
8760,670,-391,559,-186
8773,671,-390,571,-175
8786,672,-378,571,-156
8799,673,-394,586,-148
8812,674,-393,592,-153
8825,675,-394,582,-154
8838,676,-396,583,-154
8851,677,-376,577,-157
8864,678,-373,573,-178
8877,679,-367,559,-201
8890,680,-346,535,-231
8903,681,-328,517,-249
8916,682,-322,487,-277
8929,683,-313,471,-280
8942,684,-294,457,-292
8955,685,-285,445,-292
8968,686,-264,430,-289
8981,687,-256,417,-292
8994,688,-247,403,-306
9007,689,-243,411,-292
9020,690,-244,403,-297
9033,691,-243,403,-304
9046,692,-244,408,-303
9059,693,-244,403,-312
9072,694,-261,403,-307
9085,695,-258,409,-309
9098,696,-255,400,-309
9111,697,-247,399,-321
9124,698,-249,384,-315
9137,699,-243,378,-322
9150,700,-240,366,-331
9163,701,-222,355,-328
9176,702,-216,340,-322
9189,703,-189,327,-309
9202,704,-150,316,-300
9215,705,-151,307,-294
9228,706,-132,307,-274
9241,707,-108,310,-261
9254,708,-88,309,-252
9267,709,-94,298,-241
9280,710,-93,297,-246
9293,711,-85,292,-252
9306,712,-76,283,-238
9319,713,-87,285,-247
9332,714,-82,265,-255
9345,715,-84,237,-264
9358,716,-91,229,-273
9371,717,-96,222,-277
9384,718,-100,192,-295
9397,719,-120,172,-307
9410,720,-124,150,-310
9423,721,-139,136,-330
9436,722,-160,115,-331
9449,723,-187,90,-345
9462,724,-208,82,-345
9475,725,-250,46,-357
9488,726,-282,33,-357
9501,727,-301,28,-361
9514,728,-360,-1,-366
9527,729,-376,-4,-354
9540,730,-400,-30,-352
9553,731,-430,-40,-342
9566,732,-462,-45,-340
9579,733,-480,-39,-342
9592,734,-529,-40,-330
9605,735,-552,-45,-318
9618,736,-576,-36,-313
9631,737,-615,-39,-303
9644,738,-628,-31,-286
9657,739,-667,-24,-255
9670,740,-715,-10,-243
9683,741,-739,-6,-228
9696,742,-760,19,-193
9709,743,-795,34,-178
9722,744,-808,48,-157
9735,745,-819,58,-129
9748,746,-849,70,-114
9761,747,-852,93,-105
9774,748,-864,120,-96
9787,749,-870,124,-87
9800,750,-868,139,-81
9813,751,-865,150,-87
9826,752,-870,157,-84
9839,753,-856,174,-85
9852,754,-871,217,-93
9865,755,-873,243,-102
9878,756,-861,268,-100
9891,757,-850,325,-85
9904,758,-843,355,-82
9917,759,-837,373,-87
9930,760,-813,418,-64
9943,761,-805,448,-45
9956,762,-787,462,-27
9969,763,-772,499,10
9982,764,-730,514,37
9995,765,-717,540,57
10008,766,-697,568,96
10021,767,-649,565,117
10034,768,-628,579,154
10047,769,-606,580,193
10060,770,-559,574,226
10073,771,-534,559,258
10086,772,-499,550,319
10099,773,-463,514,342
10112,774,-442,483,357
10125,775,-430,444,394
10138,776,-388,426,405
10151,777,-357,391,408
10164,778,-340,357,417
10177,779,-304,348,415
10190,780,-298,331,414
10203,781,-277,295,423
10216,782,-247,291,418
10229,783,-241,273,418
10242,784,-225,232,397
10255,785,-199,226,406
10268,786,-189,219,397
10281,787,-178,196,391
10294,788,-160,192,382
10307,789,-159,183,381
10320,790,-153,178,360
10333,791,-124,163,358
10346,792,-130,171,352
10359,793,-120,151,352
10372,794,-106,145,345
10385,795,-103,144,348
10398,796,-114,150,342
10411,797,-108,142,342
10424,798,-105,138,336
10437,799,-109,154,342
10450,800,-97,154,343
10463,801,-105,163,337
10476,802,-102,153,334
10489,803,-85,163,319
10502,804,-72,169,304
10515,805,-49,180,282
10528,806,-43,187,273
10541,807,-37,196,273
10554,808,-27,207,256
10567,809,-24,210,249
10580,810,-13,220,240
10593,811,-15,226,222
10606,812,-4,232,211
10619,813,-4,228,214
10632,814,-3,228,193
10645,815,12,222,186
10658,816,21,210,178
10671,817,18,201,171
10684,818,18,192,175
10697,819,15,183,180
10710,820,4,189,181
10723,821,15,201,172
10736,822,10,199,166
10749,823,15,232,175
10762,824,7,243,177
10775,825,15,246,190
10788,826,-3,267,196
10801,827,-6,270,201
10814,828,-12,282,198
10827,829,-22,309,189
10840,830,-15,319,183
10853,831,-22,330,181
10866,832,-19,340,154
10879,833,-16,346,154
10892,834,-16,357,141
10905,835,-12,375,108
10918,836,-7,376,112
10931,837,-15,373,103
10944,838,-19,384,81
10957,839,-3,372,81
10970,840,-3,367,69
10983,841,-3,364,54
10996,842,9,370,42
11009,843,0,367,28
11022,844,-3,360,-19
11035,845,3,351,-24
11048,846,6,339,-51
11061,847,4,318,-70
11074,848,0,304,-96
11087,849,-1,289,-105
11100,850,-10,267,-126
11113,851,-3,265,-141
11126,852,-4,252,-144
11139,853,-18,223,-175
11152,854,-13,219,-178
11165,855,-33,193,-201
11178,856,-34,168,-220
11191,857,-46,147,-235
11204,858,-78,130,-258
11217,859,-91,97,-300
11230,860,-126,79,-301
11243,861,-130,66,-309
11256,862,-154,52,-319
11269,863,-163,43,-324
11282,864,-181,30,-330
11295,865,-198,6,-331
11308,866,-226,-3,-321
11321,867,-232,-15,-319
11334,868,-256,-40,-328
11347,869,-282,-54,-322
11360,870,-286,-64,-319
11373,871,-300,-87,-300
11386,872,-325,-94,-303
11399,873,-342,-109,-292
11412,874,-351,-138,-286
11425,875,-364,-139,-258
11438,876,-382,-156,-259
11451,877,-394,-169,-231
11464,878,-417,-180,-207
11477,879,-418,-192,-202
11490,880,-418,-207,-175
11503,881,-438,-202,-171
11516,882,-450,-204,-153
11529,883,-454,-210,-144
11542,884,-465,-223,-130
11555,885,-474,-223,-114
11568,886,-475,-225,-91
11581,887,-478,-225,-70
11594,888,-495,-223,-49
11607,889,-498,-229,-25
11620,890,-526,-220,-13
11633,891,-534,-225,-3
11646,892,-553,-213,40
11659,893,-573,-208,48
11672,894,-595,-208,69
11685,895,-594,-181,94
11698,896,-630,-193,108
11711,897,-630,-175,120
11724,898,-637,-151,162
11737,899,-670,-136,171
11750,900,-670,-118,184
11763,901,-685,-100,220
11776,902,-685,-82,243
11789,903,-673,-63,262
11802,904,-682,-55,279
11815,905,-699,-46,280
11828,906,-693,-30,288
11841,907,-700,-15,297
11854,908,-708,-9,283
11867,909,-702,-16,289
11880,910,-709,1,286
11893,911,-718,4,282
11906,912,-724,-1,291
11919,913,-724,16,289
11932,914,-726,9,280
11945,915,-738,12,276
11958,916,-735,21,265
11971,917,-745,10,252
11984,918,-748,19,250
11997,919,-747,7,234
12010,920,-781,0,205
12023,921,-787,-10,169
12036,922,-795,-24,85
12049,923,-799,-39,69
12062,924,-795,-49,36
12075,925,-789,-61,-22
12088,926,-780,-55,-42
12101,927,-762,-54,-69
12114,928,-768,-54,-105
12127,929,-757,-48,-114
12140,930,-750,-43,-139
12153,931,-748,-31,-168
12166,932,-739,-18,-178
12179,933,-745,-25,-187
12192,934,-736,-4,-214
12205,935,-736,9,-228
12218,936,-729,6,-238
12231,937,-718,37,-256
12244,938,-709,61,-285
12257,939,-700,60,-286
12270,940,-699,93,-313
12283,941,-691,108,-316
12296,942,-681,118,-318
12309,943,-661,156,-328
12322,944,-648,172,-342
12335,945,-630,192,-354
12348,946,-619,213,-360
12361,947,-598,222,-370
12374,948,-588,247,-361
12387,949,-561,259,-381
12400,950,-522,273,-384
12413,951,-501,294,-375
12426,952,-484,327,-384
12439,953,-438,339,-376
12452,954,-411,348,-367
12465,955,-388,369,-349
12478,956,-355,381,-340
12491,957,-348,393,-336
12504,958,-333,423,-306
12517,959,-301,439,-303
12530,960,-285,448,-285
12543,961,-280,472,-249
12556,962,-271,490,-228
12569,963,-249,496,-207
12582,964,-252,523,-165
12595,965,-228,526,-130
12608,966,-225,544,-121
12621,967,-216,546,-81
12634,968,-207,549,-64
12647,969,-199,552,-45
12660,970,-184,555,-13
12673,971,-177,541,12
12686,972,-171,546,30
12699,973,-174,538,66
12712,974,-169,537,84
12725,975,-153,528,93
12738,976,-156,516,117
12751,977,-142,510,127
12764,978,-145,505,142
12777,979,-138,487,180
12790,980,-141,493,192
12803,981,-153,481,217
12816,982,-159,484,241
12829,983,-165,475,253
12842,984,-184,472,261
12855,985,-199,477,288
12868,986,-220,486,297
12881,987,-229,484,301
12894,988,-241,492,319
12907,989,-270,496,307
12920,990,-279,495,307
12933,991,-279,508,306
12946,992,-304,517,312
12959,993,-321,514,307
12972,994,-337,523,307
12985,995,-331,525,298
12998,996,-343,540,295
13011,997,-354,537,291
13024,998,-364,552,292
13037,999,-384,555,295
13050,1000,-397,561,270
13063,1001,-423,561,279
13076,1002,-424,562,271
13089,1003,-439,574,265
13102,1004,-448,574,258
13115,1005,-466,570,256
13128,1006,-486,582,249
13141,1007,-492,583,250
13154,1008,-502,595,234
13167,1009,-504,589,217
13180,1010,-531,598,201
13193,1011,-538,600,196
13206,1012,-541,604,174
13219,1013,-549,615,151
13232,1014,-562,619,144
13245,1015,-558,613,117
13258,1016,-579,628,93
13271,1017,-579,622,84
13284,1018,-576,621,57
13297,1019,-579,622,31
13310,1020,-579,619,10
13323,1021,-582,615,-45
13336,1022,-574,601,-90
13349,1023,-558,600,-121
13362,1024,-541,591,-181
13375,1025,-514,561,-213
13388,1026,-505,544,-229
13401,1027,-487,529,-246
13414,1028,-465,517,-255
13427,1029,-456,513,-256
13440,1030,-442,519,-273
13453,1031,-417,504,-276
13466,1032,-408,510,-277
13479,1033,-400,489,-306
13492,1034,-364,472,-303
13505,1035,-364,463,-306
13518,1036,-351,439,-324
13531,1037,-310,409,-333
13544,1038,-292,393,-336
13557,1039,-277,379,-346
13570,1040,-244,345,-345
13583,1041,-235,334,-333
13596,1042,-222,327,-334
13609,1043,-192,304,-328
13622,1044,-189,285,-331
13635,1045,-178,273,-339
13648,1046,-174,228,-336
13661,1047,-183,208,-343
13674,1048,-175,189,-342
13687,1049,-183,160,-342
13700,1050,-174,145,-339
13713,1051,-180,135,-342
13726,1052,-180,130,-340
13739,1053,-183,121,-334
13752,1054,-183,108,-336
13765,1055,-171,108,-337
13778,1056,-172,94,-325
13791,1057,-169,97,-321
13804,1058,-147,99,-315
13817,1059,-141,90,-315
13830,1060,-123,94,-291
13843,1061,-96,99,-277
13856,1062,-93,108,-264
13869,1063,-78,112,-249
13882,1064,-66,96,-238
13895,1065,-57,100,-225
13908,1066,-45,91,-214
13921,1067,-46,82,-214
13934,1068,-45,72,-208
13947,1069,-40,67,-202
13960,1070,-49,55,-201
13973,1071,-54,43,-207
13986,1072,-54,37,-211
13999,1073,-60,24,-204
14012,1074,-70,6,-216
14025,1075,-79,-6,-220
14038,1076,-99,-22,-225
14051,1077,-94,-24,-229
14064,1078,-105,-36,-234
14077,1079,-118,-48,-225
14090,1080,-123,-52,-234
14103,1081,-118,-57,-231
14116,1082,-121,-55,-223
14129,1083,-120,-57,-225
14142,1084,-112,-55,-225
14155,1085,-114,-55,-223
14168,1086,-111,-61,-219
14181,1087,-115,-55,-217
14194,1088,-106,-58,-210
14207,1089,-109,-66,-201
14220,1090,-100,-72,-195
14233,1091,-106,-75,-187
14246,1092,-112,-76,-184
14259,1093,-108,-90,-178
14272,1094,-115,-100,-171
14285,1095,-121,-106,-171
14298,1096,-135,-121,-163
14311,1097,-141,-130,-175
14324,1098,-144,-135,-172
14337,1099,-159,-144,-169
14350,1100,-175,-156,-169
14363,1101,-187,-172,-174
14376,1102,-205,-172,-181
14389,1103,-217,-177,-180
14402,1104,-228,-174,-192
14415,1105,-240,-180,-196
14428,1106,-255,-178,-190
14441,1107,-255,-178,-198
14454,1108,-262,-184,-211
14467,1109,-271,-174,-214
14480,1110,-261,-174,-216
14493,1111,-262,-169,-220
14506,1112,-252,-160,-225
14519,1113,-228,-156,-228
14532,1114,-229,-153,-232
14545,1115,-210,-132,-232
14558,1116,-213,-138,-234
14571,1117,-187,-114,-226
14584,1118,-175,-112,-228
14597,1119,-172,-100,-234
14610,1120,-154,-87,-238
14623,1121,-136,-69,-228
14636,1122,-108,-61,-222
14649,1123,-100,-24,-223
14662,1124,-91,-16,-228
14675,1125,-85,7,-229
14688,1126,-70,27,-231
14701,1127,-60,58,-231
14714,1128,-52,72,-219
14727,1129,-49,112,-223
14740,1130,-43,124,-223
14753,1131,-39,145,-219
14766,1132,-34,180,-211
14779,1133,-34,196,-205
14792,1134,-27,223,-208
14805,1135,-36,270,-205
14818,1136,-42,285,-202
14831,1137,-49,292,-199
14844,1138,-54,316,-204
14857,1139,-61,339,-196
14870,1140,-61,349,-187
14883,1141,-72,378,-196
14896,1142,-73,384,-196
14909,1143,-88,396,-189
14922,1144,-106,412,-192
14935,1145,-115,429,-195
14948,1146,-129,432,-198
14961,1147,-141,456,-211
14974,1148,-168,468,-211
14987,1149,-163,469,-211
15000,1150,-193,496,-226
15013,1151,-231,508,-220
15026,1152,-253,504,-231
15039,1153,-270,511,-238
15052,1154,-297,522,-253
15065,1155,-310,508,-265
15078,1156,-315,511,-274
15091,1157,-342,513,-283
15104,1158,-360,502,-277
15117,1159,-373,501,-303
15130,1160,-405,492,-303
15143,1161,-412,489,-291
15156,1162,-436,480,-301
15169,1163,-450,481,-303
15182,1164,-460,472,-303
15195,1165,-462,448,-318
15208,1166,-484,460,-328
15221,1167,-504,456,-322
15234,1168,-511,436,-325
15247,1169,-547,426,-328
15260,1170,-558,409,-334
15273,1171,-573,402,-336
15286,1172,-583,406,-324
15299,1173,-597,423,-328
15312,1174,-603,423,-312
15325,1175,-633,423,-319
15338,1176,-646,420,-313
15351,1177,-649,400,-301
15364,1178,-676,396,-294
15377,1179,-684,394,-294
15390,1180,-703,376,-294
15403,1181,-715,364,-297
15416,1182,-721,357,-295
15429,1183,-726,334,-291
15442,1184,-738,321,-288
15455,1185,-754,312,-280
15468,1186,-759,286,-294
15481,1187,-760,276,-279
15494,1188,-768,279,-297
15507,1189,-763,262,-280
15520,1190,-762,252,-289
15533,1191,-769,246,-289
15546,1192,-783,216,-288
15559,1193,-777,213,-289
15572,1194,-777,199,-283
15585,1195,-787,195,-288
15598,1196,-780,187,-277
15611,1197,-787,183,-279
15624,1198,-775,177,-270
15637,1199,-798,183,-279
15650,1200,-790,192,-262
15663,1201,-799,193,-259
15676,1202,-807,199,-258
15689,1203,-805,208,-258
15702,1204,-810,210,-252
15715,1205,-816,205,-252
15728,1206,-816,202,-250
15741,1207,-820,211,-255
15754,1208,-814,207,-250
15767,1209,-813,216,-246
15780,1210,-826,229,-228
15793,1211,-841,238,-213
15806,1212,-843,243,-205
15819,1213,-861,250,-192
15832,1214,-859,262,-180
15845,1215,-859,270,-165
15858,1216,-859,288,-163
15871,1217,-862,286,-163
15884,1218,-859,304,-159
15897,1219,-861,325,-150
15910,1220,-856,351,-141
15923,1221,-846,381,-138
15936,1222,-837,409,-141
15949,1223,-823,432,-139
15962,1224,-808,448,-141
15975,1225,-798,472,-153
15988,1226,-774,484,-148
16001,1227,-760,504,-145
16014,1228,-744,520,-163
16027,1229,-703,528,-174
16040,1230,-691,538,-177
16053,1231,-651,574,-186
16066,1232,-582,580,-192
16079,1233,-562,594,-190
16092,1234,-519,592,-205
16105,1235,-472,603,-207
16118,1236,-436,592,-214
16131,1237,-421,570,-226
16144,1238,-384,564,-235
16157,1239,-357,562,-237
16170,1240,-337,541,-240
16183,1241,-304,543,-235
16196,1242,-270,531,-238
16209,1243,-252,510,-231
16222,1244,-207,498,-240
16235,1245,-195,489,-228
16248,1246,-177,468,-240
16261,1247,-154,456,-237
16274,1248,-150,441,-235
16287,1249,-141,423,-238
16300,1250,-105,412,-220
16313,1251,-97,397,-214
16326,1252,-100,382,-216
16339,1253,-82,367,-217
16352,1254,-66,361,-213
16365,1255,-58,331,-204
16378,1256,-49,324,-198
16391,1257,-49,315,-201
16404,1258,-54,294,-198
16417,1259,-37,273,-202
16430,1260,-37,274,-198
16443,1261,-39,250,-199
16456,1262,-34,244,-201
16469,1263,-25,231,-204
16482,1264,-25,211,-190
16495,1265,-21,201,-198
16508,1266,-22,208,-196
16521,1267,-16,178,-198
16534,1268,-27,174,-214
16547,1269,-34,166,-217
16560,1270,-37,136,-216
16573,1271,-39,136,-216
16586,1272,-40,127,-228
16599,1273,-46,97,-240
16612,1274,-67,87,-229
16625,1275,-63,85,-240
16638,1276,-73,66,-238
16651,1277,-73,57,-237
16664,1278,-78,43,-234
16677,1279,-90,24,-243
16690,1280,-97,9,-241
16703,1281,-111,-9,-244
16716,1282,-118,-39,-249
16729,1283,-133,-46,-244
16742,1284,-141,-55,-252
16755,1285,-159,-75,-237
16768,1286,-177,-88,-238
16781,1287,-175,-93,-238
16794,1288,-190,-100,-232
16807,1289,-183,-108,-232
16820,1290,-205,-108,-237
16833,1291,-196,-135,-219
16846,1292,-210,-133,-214
16859,1293,-219,-141,-214
16872,1294,-213,-159,-193
16885,1295,-207,-163,-187
16898,1296,-232,-172,-175
16911,1297,-226,-181,-157
16924,1298,-244,-196,-139
16937,1299,-249,-210,-138
16950,1300,-261,-229,-90
16963,1301,-268,-226,-72
16976,1302,-273,-243,-52
16989,1303,-273,-237,-13
17002,1304,-283,-244,1
17015,1305,-276,-244,27
17028,1306,-279,-238,66
17041,1307,-274,-235,85
17054,1308,-262,-234,96
17067,1309,-277,-220,132
17080,1310,-259,-208,154
17093,1311,-244,-202,181
17106,1312,-249,-174,232
17119,1313,-231,-156,246
17132,1314,-226,-138,270
17145,1315,-223,-93,304
17158,1316,-196,-73,321
17171,1317,-195,-42,325
17184,1318,-174,0,346
17197,1319,-169,24,345
17210,1320,-151,34,358
17223,1321,-144,72,363
17236,1322,-135,82,367
17249,1323,-144,90,372
17262,1324,-145,117,369
17275,1325,-136,127,372
17288,1326,-135,138,372
17301,1327,-138,153,372
17314,1328,-141,175,384
17327,1329,-148,178,391
17340,1330,-156,196,397
17353,1331,-154,202,396
17366,1332,-162,204,393
17379,1333,-168,213,405
17392,1334,-177,216,400
17405,1335,-186,228,408
17418,1336,-180,235,418
17431,1337,-199,229,418
17444,1338,-214,229,415
17457,1339,-214,234,429
17470,1340,-240,241,432
17483,1341,-253,237,439
17496,1342,-255,244,438
17509,1343,-264,235,448
17522,1344,-276,232,451
17535,1345,-300,210,456
17548,1346,-330,205,466
17561,1347,-349,199,474
17574,1348,-358,160,472
17587,1349,-391,156,484
17600,1350,-414,156,475
17613,1351,-423,126,471
17626,1352,-466,115,466
17639,1353,-483,111,474
17652,1354,-501,106,466
17665,1355,-532,112,465
17678,1356,-556,109,457
17691,1357,-567,78,439
17704,1358,-600,61,433
17717,1359,-603,45,420
17730,1360,-619,9,399
17743,1361,-646,-6,376
17756,1362,-649,-9,369
17769,1363,-664,-27,352
17782,1364,-675,-31,336
17795,1365,-681,-36,328
17808,1366,-669,-51,306
17821,1367,-678,-60,313
17834,1368,-693,-61,303
17847,1369,-696,-76,295
17860,1370,-691,-81,279
17873,1371,-693,-85,267
17886,1372,-688,-96,265
17899,1373,-693,-97,259
17912,1374,-685,-99,261
17925,1375,-682,-105,255
17938,1376,-678,-105,261
17951,1377,-666,-106,253
17964,1378,-672,-117,253
17977,1379,-666,-118,258
17990,1380,-648,-117,259
18003,1381,-652,-129,265
18016,1382,-630,-135,264
18029,1383,-615,-135,255
18042,1384,-598,-139,276
18055,1385,-574,-151,285
18068,1386,-549,-144,298
18081,1387,-538,-148,301
18094,1388,-495,-150,312
18107,1389,-475,-151,322
18120,1390,-454,-127,331
18133,1391,-418,-120,342
18146,1392,-379,-121,346
18159,1393,-355,-99,358
18172,1394,-310,-96,354
18185,1395,-291,-87,361
18198,1396,-273,-54,366
18211,1397,-229,-40,351
18224,1398,-205,-31,342
18237,1399,-186,-4,331
18250,1400,-133,4,322
18263,1401,-115,9,307
18276,1402,-94,6,282
18289,1403,-84,1,268
18302,1404,-76,4,258
18315,1405,-69,9,252
18328,1406,-60,21,250
18341,1407,-70,19,256
18354,1408,-52,24,238
18367,1409,-55,22,243
18380,1410,-58,22,237
18393,1411,-49,24,244
18406,1412,-57,24,240
18419,1413,-61,27,244
18432,1414,-51,24,234
18445,1415,-49,31,241
18458,1416,-43,34,240
18471,1417,-39,55,247
18484,1418,-39,67,250
18497,1419,-30,72,253
18510,1420,-36,99,256
18523,1421,-33,120,262
18536,1422,-21,139,255
18549,1423,-25,168,256
18562,1424,-21,181,265
18575,1425,-33,201,265
18588,1426,-24,234,256
18601,1427,-28,256,262
18614,1428,-33,286,238
18627,1429,-25,316,232
18640,1430,-28,322,219
18653,1431,-27,331,220
18666,1432,-33,345,198
18679,1433,-18,363,174
18692,1434,-16,367,163
18705,1435,-22,400,132
18718,1436,-34,417,109
18731,1437,-39,426,87
18744,1438,-37,444,45
18757,1439,-46,459,22
18770,1440,-57,459,13
18783,1441,-60,465,-40
18796,1442,-72,480,-78
18809,1443,-94,472,-109
18822,1444,-99,471,-175
18835,1445,-133,457,-199
18848,1446,-160,471,-211
18861,1447,-180,471,-232
18874,1448,-238,487,-244
18887,1449,-249,498,-243
18900,1450,-271,507,-265
18913,1451,-286,504,-264
18926,1452,-297,507,-268
18939,1453,-301,513,-292
18952,1454,-337,496,-301
18965,1455,-354,484,-292
18978,1456,-367,502,-309
18991,1457,-399,496,-307
19004,1458,-409,504,-286
19017,1459,-429,528,-279
19030,1460,-477,538,-258
19043,1461,-502,547,-253
19056,1462,-526,543,-241
19069,1463,-574,550,-225
19082,1464,-597,543,-222
19095,1465,-619,547,-189
19108,1466,-664,549,-174
19121,1467,-679,549,-163
19134,1468,-693,543,-130
19147,1469,-696,544,-126
19160,1470,-700,540,-117
19173,1471,-712,538,-103
19186,1472,-724,534,-94
19199,1473,-738,523,-82
19212,1474,-747,529,-49
19225,1475,-744,546,-33
19238,1476,-754,531,-10
19251,1477,-736,538,30
19264,1478,-739,547,46
19277,1479,-729,558,57
19290,1480,-733,555,87
19303,1481,-715,568,97
19316,1482,-720,558,115
19329,1483,-715,568,124
19342,1484,-709,553,138
19355,1485,-714,568,147
19368,1486,-711,553,169
19381,1487,-703,555,166
19394,1488,-711,570,175
19407,1489,-708,558,165
19420,1490,-700,574,172
19433,1491,-688,573,172
19446,1492,-684,589,159
19459,1493,-666,601,154
19472,1494,-678,609,150
19485,1495,-672,606,147
19498,1496,-693,610,151
19511,1497,-691,604,153
19524,1498,-681,615,139
19537,1499,-679,628,136
19550,1500,-681,627,129
19563,1501,-679,631,132
19576,1502,-675,651,132
19589,1503,-673,652,135
19602,1504,-667,646,117
19615,1505,-636,648,111
19628,1506,-640,663,123
19641,1507,-637,663,115
19654,1508,-633,663,109
19667,1509,-616,664,106
19680,1510,-609,664,103
19693,1511,-606,670,99
19706,1512,-607,669,94
19719,1513,-622,666,105
19732,1514,-627,670,118
19745,1515,-627,670,114
19758,1516,-624,669,117
19771,1517,-607,664,112
19784,1518,-606,667,118
19797,1519,-600,658,132
19810,1520,-601,667,120
19823,1521,-598,652,115
19836,1522,-603,639,102
19849,1523,-592,640,87
19862,1524,-610,634,81
19875,1525,-603,639,48
19888,1526,-606,633,49
19901,1527,-577,637,36
19914,1528,-576,634,9
19927,1529,-577,636,-13
19940,1530,-586,627,-27
19953,1531,-579,618,-66
19966,1532,-565,618,-73
19979,1533,-567,616,-90
19992,1534,-550,609,-112
20005,1535,-538,613,-123
20018,1536,-516,597,-142
20031,1537,-514,591,-177
20044,1538,-475,586,-181
20057,1539,-453,580,-190
20070,1540,-435,568,-210
20083,1541,-420,558,-225
20096,1542,-393,546,-229
20109,1543,-381,546,-229
20122,1544,-352,537,-238
20135,1545,-343,532,-235
20148,1546,-319,535,-225
20161,1547,-291,520,-219
20174,1548,-277,528,-217
20187,1549,-259,523,-204
20200,1550,-234,519,-177
20213,1551,-216,525,-169
20226,1552,-208,523,-159
20239,1553,-184,517,-139
20252,1554,-172,513,-126
20265,1555,-169,508,-112
20278,1556,-159,525,-85
20291,1557,-132,526,-75
20304,1558,-142,522,-64
20317,1559,-133,511,-40
20330,1560,-127,517,-24
20343,1561,-123,525,-25
20356,1562,-121,511,1
20369,1563,-124,504,9
20382,1564,-121,516,28
20395,1565,-112,507,42
20408,1566,-124,519,63
20421,1567,-124,517,81
20434,1568,-138,525,111
20447,1569,-139,516,139
20460,1570,-145,517,157
20473,1571,-150,502,187
20486,1572,-154,502,208
20499,1573,-168,498,231
20512,1574,-178,489,258
20525,1575,-195,487,280
20538,1576,-199,471,303
20551,1577,-216,451,339
20564,1578,-237,430,354
20577,1579,-241,432,360
20590,1580,-264,415,387
20603,1581,-276,408,400
20616,1582,-286,403,399
20629,1583,-328,391,426
20642,1584,-349,397,417
20655,1585,-364,391,427
20668,1586,-390,379,445
20681,1587,-412,360,454
20694,1588,-412,364,447
20707,1589,-427,315,457
20720,1590,-433,312,463
20733,1591,-429,309,466
20746,1592,-448,304,474
20759,1593,-448,309,469
20772,1594,-456,288,463
20785,1595,-460,255,469
20798,1596,-468,229,475
20811,1597,-480,219,465
20824,1598,-481,187,472
20837,1599,-478,178,463
20850,1600,-487,160,466
20863,1601,-489,135,466
20876,1602,-499,127,465
20889,1603,-517,130,447
20902,1604,-514,117,454
20915,1605,-526,94,448
20928,1606,-541,82,439
20941,1607,-552,57,435
20954,1608,-559,45,417
20967,1609,-558,37,424
20980,1610,-576,22,403
20993,1611,-564,4,408
21006,1612,-582,-9,399
21019,1613,-588,-30,370
21032,1614,-585,-49,367
21045,1615,-594,-55,360
21058,1616,-603,-69,343
21071,1617,-607,-84,327
21084,1618,-603,-84,333
21097,1619,-624,-97,310
21110,1620,-636,-100,300
21123,1621,-651,-97,285
21136,1622,-664,-109,270
21149,1623,-666,-115,258
21162,1624,-679,-112,249
21175,1625,-696,-118,220
21188,1626,-700,-123,208
21201,1627,-708,-126,183
21214,1628,-706,-141,156
21227,1629,-702,-148,141
21240,1630,-706,-154,129
21253,1631,-714,-162,100
21266,1632,-705,-162,97
21279,1633,-708,-169,85
21292,1634,-715,-156,78
21305,1635,-703,-166,85
21318,1636,-694,-162,99
21331,1637,-690,-168,121
21344,1638,-682,-162,147
21357,1639,-670,-165,165
21370,1640,-639,-156,213
21383,1641,-631,-141,255
21396,1642,-627,-129,280
21409,1643,-571,-87,340
21422,1644,-565,-64,375
21435,1645,-544,-30,403
21448,1646,-472,49,456
21461,1647,-456,93,478
21474,1648,-429,153,469
21487,1649,-358,217,468
21500,1650,-333,267,460
21513,1651,-297,300,439
21526,1652,-255,337,408
21539,1653,-237,363,400
21552,1654,-225,369,390
21565,1655,-199,375,358
21578,1656,-186,396,339
21591,1657,-169,390,325
21604,1658,-139,405,286
21617,1659,-117,405,274
21630,1660,-106,406,250
21643,1661,-91,409,205
21656,1662,-73,414,190
21669,1663,-67,411,159
21682,1664,-57,430,124
21695,1665,-63,420,102
21708,1666,-46,421,88
21721,1667,-55,439,27
21734,1668,-66,448,-10
21747,1669,-58,442,-33
21760,1670,-73,433,-96
21773,1671,-69,418,-115
21786,1672,-67,393,-150
21799,1673,-51,340,-172
21812,1674,-60,325,-195
21825,1675,-57,297,-207
21838,1676,-64,253,-228
21851,1677,-78,234,-246
21864,1678,-93,216,-268
21877,1679,-123,201,-310
21890,1680,-150,213,-333
21903,1681,-187,207,-348
21916,1682,-237,211,-381
21929,1683,-274,208,-387
21942,1684,-298,192,-402
21955,1685,-333,180,-415
21968,1686,-357,169,-415
21981,1687,-384,144,-420
21994,1688,-403,130,-417
22007,1689,-426,112,-418
22020,1690,-432,108,-408
22033,1691,-454,72,-411
22046,1692,-469,64,-406
22059,1693,-463,64,-405
22072,1694,-469,60,-403
22085,1695,-466,51,-405
22098,1696,-466,40,-388
22111,1697,-483,4,-387
22124,1698,-480,-12,-367
22137,1699,-486,-24,-357
22150,1700,-534,-40,-339
22163,1701,-547,-45,-321
22176,1702,-571,-57,-312
22189,1703,-615,-63,-297
22202,1704,-633,-61,-276
22215,1705,-651,-54,-271
22228,1706,-670,-61,-244
22241,1707,-699,-52,-226
22254,1708,-711,-34,-222
22267,1709,-756,-24,-201
22280,1710,-757,-9,-193
22293,1711,-772,-6,-174
22306,1712,-775,-15,-157
22319,1713,-789,-18,-133
22332,1714,-783,-30,-120
22345,1715,-783,-40,-91
22358,1716,-771,-45,-79
22371,1717,-768,-63,-72
22384,1718,-763,-76,-57
22397,1719,-742,-94,-52
22410,1720,-729,-96,-52
22423,1721,-715,-108,-49
22436,1722,-708,-123,-51
22449,1723,-691,-136,-46
22462,1724,-672,-145,-63
22475,1725,-652,-157,-79
22488,1726,-628,-160,-85
22501,1727,-591,-163,-117
22514,1728,-574,-174,-133
22527,1729,-553,-163,-154
22540,1730,-540,-159,-190
22553,1731,-496,-148,-225
22566,1732,-474,-138,-238
22579,1733,-454,-111,-282
22592,1734,-418,-90,-309
22605,1735,-393,-69,-322
22618,1736,-364,-31,-334
22631,1737,-316,-9,-340
22644,1738,-292,16,-346
22657,1739,-273,57,-349
22670,1740,-228,85,-345
22683,1741,-207,93,-336
22696,1742,-189,147,-315
22709,1743,-148,153,-304
22722,1744,-133,147,-294
22735,1745,-127,148,-261
22748,1746,-97,162,-264
22761,1747,-87,177,-246
22774,1748,-75,204,-222
22787,1749,-52,216,-213
22800,1750,-48,217,-196
22813,1751,-36,219,-174
22826,1752,-25,237,-163
22839,1753,-18,238,-156
22852,1754,-18,241,-126
22865,1755,-4,249,-115
22878,1756,-1,255,-102
22891,1757,4,262,-93
22904,1758,13,262,-79
22917,1759,6,270,-72
22930,1760,3,262,-52
22943,1761,19,262,-43
22956,1762,28,264,-22
22969,1763,25,255,-10
22982,1764,25,252,-6
22995,1765,36,244,-3
23008,1766,30,226,1
23021,1767,30,220,13
23034,1768,25,219,15
23047,1769,31,205,9
23060,1770,36,198,15
23073,1771,36,193,15
23086,1772,30,192,16
23099,1773,36,186,22
23112,1774,33,175,21
23125,1775,27,165,10
23138,1776,28,148,-1
23151,1777,27,139,6
23164,1778,21,103,-13
23177,1779,16,94,-34
23190,1780,13,88,-46
23203,1781,6,67,-60
23216,1782,-4,55,-61
23229,1783,-3,42,-69
23242,1784,-24,25,-79
23255,1785,-30,9,-81
23268,1786,-27,-3,-76
23281,1787,-37,-24,-61
23294,1788,-60,-45,-48
23307,1789,-48,-52,-30
23320,1790,-72,-69,-10
23333,1791,-69,-79,-12
23346,1792,-85,-84,13
23359,1793,-81,-93,21
23372,1794,-97,-108,48
23385,1795,-112,-115,72
23398,1796,-118,-111,87
23411,1797,-121,-108,90
23424,1798,-111,-112,97
23437,1799,-120,-117,120
23450,1800,-118,-111,124
23463,1801,-111,-100,130
23476,1802,-130,-115,138
23489,1803,-127,-115,141
23502,1804,-139,-115,153
23515,1805,-139,-115,157
23528,1806,-147,-124,154
23541,1807,-153,-120,153
23554,1808,-156,-145,120
23567,1809,-171,-150,105
23580,1810,-174,-156,93
23593,1811,-174,-171,57
23606,1812,-193,-184,22
23619,1813,-198,-171,-12
23632,1814,-202,-177,-78
23645,1815,-213,-174,-112
23658,1816,-229,-162,-150
23671,1817,-228,-121,-223
23684,1818,-238,-109,-252
23697,1819,-252,-90,-270
23710,1820,-270,-49,-318
23723,1821,-298,-39,-337
23736,1822,-301,-13,-337
23749,1823,-309,34,-372
23762,1824,-334,66,-378
23775,1825,-349,88,-393
23788,1826,-357,138,-393
23801,1827,-357,166,-393
23814,1828,-358,192,-393
23827,1829,-351,262,-381
23840,1830,-346,294,-370
23853,1831,-337,327,-366
23866,1832,-318,384,-340
23879,1833,-312,394,-318
23892,1834,-288,411,-313
23905,1835,-288,447,-285
23918,1836,-283,457,-277
23931,1837,-277,463,-271
23944,1838,-273,487,-237
23957,1839,-265,492,-235
23970,1840,-258,504,-196
23983,1841,-250,523,-163
23996,1842,-241,543,-141
24009,1843,-241,544,-129
24022,1844,-243,547,-87
24035,1845,-234,562,-67
24048,1846,-234,562,-36
24061,1847,-241,576,22
24074,1848,-241,573,61
24087,1849,-228,567,102
24100,1850,-232,559,156
24113,1851,-237,546,168
24126,1852,-226,541,189
24139,1853,-231,525,213
24152,1854,-235,523,225
24165,1855,-247,516,241
24178,1856,-241,478,297
24191,1857,-265,453,319
24204,1858,-261,424,340
24217,1859,-264,408,375
24230,1860,-267,400,372
24243,1861,-267,393,376
24256,1862,-259,394,387
24269,1863,-259,388,370
24282,1864,-265,381,387
24295,1865,-264,366,400
24308,1866,-261,349,396
24321,1867,-253,336,409
24334,1868,-253,303,417
24347,1869,-258,289,420
24360,1870,-249,268,427
24373,1871,-240,210,421
24386,1872,-225,181,408
24399,1873,-223,141,411
24412,1874,-222,96,394
24425,1875,-226,69,388
24438,1876,-220,45,390
24451,1877,-223,12,369
24464,1878,-237,-3,361
24477,1879,-231,-25,358
24490,1880,-241,-51,337
24503,1881,-240,-64,319
24516,1882,-243,-78,303
24529,1883,-252,-135,273
24542,1884,-271,-144,244
24555,1885,-270,-168,225
24568,1886,-279,-192,189
24581,1887,-297,-198,181
24594,1888,-307,-207,177
24607,1889,-310,-210,160
24620,1890,-328,-211,154
24633,1891,-346,-219,142
24646,1892,-354,-241,115
24659,1893,-379,-247,96
24672,1894,-385,-243,87
24685,1895,-387,-238,69
24698,1896,-385,-235,88
24711,1897,-390,-244,91
24724,1898,-400,-246,88
24737,1899,-385,-235,88
24750,1900,-394,-241,102
24763,1901,-388,-237,126
24776,1902,-382,-231,151
24789,1903,-379,-217,184
24802,1904,-369,-178,238
24815,1905,-343,-159,286
24828,1906,-321,-117,322
24841,1907,-283,-43,375
24854,1908,-246,-3,387
24867,1909,-223,45,396
24880,1910,-207,126,388
24893,1911,-172,162,382
24906,1912,-150,201,385
24919,1913,-135,276,364
24932,1914,-129,312,337
24945,1915,-127,322,327
24958,1916,-120,360,313
24971,1917,-117,369,289
24984,1918,-115,384,282
24997,1919,-99,399,256
25010,1920,-106,396,237
25023,1921,-97,408,226
25036,1922,-90,420,187
25049,1923,-67,421,165
25062,1924,-67,415,150
25075,1925,-57,411,133
25088,1926,-57,406,112
25101,1927,-46,403,82
25114,1928,-43,400,31
25127,1929,-39,408,19
25140,1930,-40,391,0
25153,1931,-27,379,-22
25166,1932,-21,357,-46
25179,1933,-18,354,-54
25192,1934,-9,333,-72
25205,1935,-21,334,-79
25218,1936,-21,330,-87
25231,1937,-16,327,-114
25244,1938,-24,328,-124
25257,1939,-37,336,-132
25270,1940,-46,336,-163
25283,1941,-66,339,-168
25296,1942,-52,327,-187
25309,1943,-55,327,-199
25322,1944,-73,312,-205
25335,1945,-70,307,-216
25348,1946,-79,280,-253
25361,1947,-102,270,-264
25374,1948,-117,258,-273
25387,1949,-132,237,-282
25400,1950,-123,235,-282
25413,1951,-120,220,-291
25426,1952,-124,213,-306
25439,1953,-129,193,-300
25452,1954,-139,181,-309
25465,1955,-154,141,-327
25478,1956,-175,109,-319
25491,1957,-193,60,-315
25504,1958,-210,-24,-288
25517,1959,-223,-52,-270
25530,1960,-237,-82,-253
25543,1961,-235,-114,-222
25556,1962,-250,-121,-211
25569,1963,-259,-138,-211
25582,1964,-259,-175,-177
25595,1965,-273,-172,-165
25608,1966,-283,-175,-151
25621,1967,-286,-184,-141
25634,1968,-298,-195,-141
25647,1969,-301,-198,-118
25660,1970,-304,-210,-102
25673,1971,-321,-211,-100
25686,1972,-337,-211,-97
25699,1973,-336,-213,-85
25712,1974,-358,-223,-76
25725,1975,-369,-228,-58
25738,1976,-384,-220,-40
25751,1977,-405,-237,-18
25764,1978,-409,-235,-3
25777,1979,-439,-235,55
25790,1980,-451,-225,91
25803,1981,-477,-219,123
25816,1982,-493,-205,175
25829,1983,-529,-192,189
25842,1984,-540,-178,198
25855,1985,-555,-177,195
25868,1986,-573,-169,207
25881,1987,-577,-165,207
25894,1988,-582,-157,211
25907,1989,-588,-150,217
25920,1990,-601,-144,214
25933,1991,-607,-142,232
25946,1992,-600,-141,229
25959,1993,-604,-136,223
25972,1994,-613,-130,228
25985,1995,-612,-127,237
25998,1996,-604,-120,246
26011,1997,-613,-115,267
26024,1998,-628,-90,289
26037,1999,-616,-72,288
26050,2000,-625,-69,328
26063,2001,-624,-31,334
26076,2002,-616,-9,336
26089,2003,-621,-7,361
26102,2004,-631,25,358
26115,2005,-631,40,373
26128,2006,-634,49,375
26141,2007,-640,90,387
26154,2008,-630,94,399
26167,2009,-639,106,402
26180,2010,-624,141,414
26193,2011,-624,160,405
26206,2012,-618,175,429
26219,2013,-594,220,421
26232,2014,-589,240,435
26245,2015,-580,258,424
26258,2016,-571,303,421
26271,2017,-559,309,429
26284,2018,-553,331,411
26297,2019,-543,367,409
26310,2020,-549,394,399
26323,2021,-543,405,385
26336,2022,-529,439,379
26349,2023,-529,435,375
26362,2024,-517,453,357
26375,2025,-492,484,340
26388,2026,-483,498,336
26401,2027,-465,498,327
26414,2028,-462,505,316
26427,2029,-451,513,306
26440,2030,-438,525,288
26453,2031,-427,552,276
26466,2032,-429,544,271
26479,2033,-417,555,255
26492,2034,-411,562,250
26505,2035,-409,561,250
26518,2036,-406,574,234
26531,2037,-396,561,235
26544,2038,-390,571,243
26557,2039,-385,568,237
26570,2040,-379,561,240
26583,2041,-369,556,249
26596,2042,-367,552,250
26609,2043,-357,564,264
26622,2044,-351,550,264
26635,2045,-331,543,253
26648,2046,-331,543,267
26661,2047,-331,543,256
26674,2048,-318,537,258
26687,2049,-294,522,276
26700,2050,-286,507,291
26713,2051,-261,492,295
26726,2052,-214,448,295
26739,2053,-201,435,303
26752,2054,-174,412,304
26765,2055,-159,375,306
26778,2056,-138,354,297
26791,2057,-135,352,306
26804,2058,-106,315,295
26817,2059,-97,307,288
26830,2060,-87,292,271
26843,2061,-64,258,262
26856,2062,-54,247,247
26869,2063,-46,237,226
26882,2064,-43,207,219
26895,2065,-34,204,211
26908,2066,-28,172,205
26921,2067,-28,171,201
26934,2068,-31,160,198
26947,2069,-25,159,183
26960,2070,-19,118,169
26973,2071,-10,106,165
26986,2072,-18,93,142
26999,2073,-15,70,136
27012,2074,-12,55,123
27025,2075,-22,46,99
27038,2076,-22,18,84
27051,2077,-22,4,67
27064,2078,-36,-16,43
27077,2079,-49,-45,27
27090,2080,-76,-72,39
27103,2081,-100,-111,12
27116,2082,-132,-126,-1
27129,2083,-150,-144,-27
27142,2084,-160,-145,-70
27155,2085,-190,-159,-87
27168,2086,-222,-157,-121
27181,2087,-237,-171,-172
27194,2088,-276,-154,-195
27207,2089,-295,-154,-210
27220,2090,-316,-144,-247
27233,2091,-328,-132,-265
27246,2092,-336,-120,-271
27259,2093,-345,-103,-300
27272,2094,-372,-82,-316
27285,2095,-394,-82,-321
27298,2096,-403,-66,-336
27311,2097,-442,-37,-351
27324,2098,-460,-28,-355
27337,2099,-456,-6,-375
27350,2100,-486,39,-387
27363,2101,-495,52,-391
27376,2102,-499,79,-403
27389,2103,-535,130,-406
27402,2104,-531,135,-408
27415,2105,-532,175,-420
27428,2106,-516,249,-391
27441,2107,-508,279,-400
27454,2108,-516,307,-387
27467,2109,-517,382,-360
27480,2110,-520,402,-361
27493,2111,-531,409,-336
27506,2112,-538,429,-333
27519,2113,-537,451,-319
27532,2114,-528,450,-321
27545,2115,-531,466,-303
27558,2116,-538,477,-300
27571,2117,-513,480,-292
27584,2118,-517,511,-286
27597,2119,-510,516,-273
27610,2120,-492,528,-258
27623,2121,-453,549,-226
27636,2122,-444,561,-217
27649,2123,-441,567,-208
27662,2124,-444,582,-192
27675,2125,-438,577,-189
27688,2126,-444,583,-174
27701,2127,-463,591,-163
27714,2128,-472,603,-145
27727,2129,-481,604,-127
27740,2130,-474,615,-90
27753,2131,-499,616,-69
27766,2132,-511,621,-55
27779,2133,-537,628,-49
27792,2134,-562,624,-33
27805,2135,-574,615,-27
27818,2136,-609,601,6
27831,2137,-618,601,4
27844,2138,-627,609,18
27857,2139,-628,606,63
27870,2140,-640,600,90
27883,2141,-636,589,111
27896,2142,-633,583,171
27909,2143,-615,565,213
27922,2144,-619,558,222
27935,2145,-601,543,246
27948,2146,-597,538,255
27961,2147,-598,535,267
27974,2148,-598,528,258
27987,2149,-601,543,259
28000,2150,-591,540,261
28013,2151,-582,549,279
28026,2152,-573,531,285
28039,2153,-562,541,291
28052,2154,-559,531,300
28065,2155,-564,523,307
28078,2156,-562,511,313
28091,2157,-567,519,316
28104,2158,-564,508,321
28117,2159,-571,507,319
28130,2160,-568,499,330
28143,2161,-570,478,345
28156,2162,-562,456,370
28169,2163,-549,400,411
28182,2164,-543,381,423
28195,2165,-532,373,423
28208,2166,-510,351,424
28221,2167,-493,331,439
28234,2168,-480,322,432
28247,2169,-459,319,442
28260,2170,-453,315,450
28273,2171,-429,318,459
28286,2172,-411,295,445
28299,2173,-400,289,448
28312,2174,-393,276,451
28325,2175,-384,264,448
28338,2176,-369,256,463
28351,2177,-372,246,459
28364,2178,-352,235,454
28377,2179,-340,225,454
28390,2180,-318,223,448
28403,2181,-286,205,421
28416,2182,-250,190,426
28429,2183,-216,184,396
28442,2184,-153,154,360
28455,2185,-129,141,345
28468,2186,-120,124,316
28481,2187,-93,100,289
28494,2188,-78,102,291
28507,2189,-85,91,276
28520,2190,-78,82,265
28533,2191,-76,69,262
28546,2192,-78,67,247
28559,2193,-69,54,241
28572,2194,-72,49,237
28585,2195,-58,45,228
28598,2196,-54,31,213
28611,2197,-51,31,189
28624,2198,-52,4,162
28637,2199,-36,-1,150
28650,2200,-40,0,153
28663,2201,-34,9,147
28676,2202,-24,9,150
28689,2203,-24,19,144
28702,2204,-24,18,136
28715,2205,-16,15,129
28728,2206,-28,-6,109
28741,2207,-28,-12,102
28754,2208,-24,-22,64
28767,2209,-25,-22,45
28780,2210,-25,-21,18
28793,2211,-22,-15,-27
28806,2212,-28,-31,-40
28819,2213,-34,-27,-58
28832,2214,-46,-28,-75
28845,2215,-37,-36,-99
28858,2216,-42,-40,-103
28871,2217,-51,-45,-112
28884,2218,-58,-55,-118
28897,2219,-66,-66,-130
28910,2220,-87,-76,-148
28923,2221,-93,-78,-162
28936,2222,-99,-75,-171
28949,2223,-127,-99,-186
28962,2224,-150,-115,-183
28975,2225,-154,-130,-183
28988,2226,-162,-145,-163
29001,2227,-162,-150,-153
29014,2228,-168,-144,-144
29027,2229,-172,-168,-129
29040,2230,-174,-181,-115
29053,2231,-169,-187,-105
29066,2232,-178,-178,-108
29079,2233,-157,-174,-87
29092,2234,-156,-175,-79
29105,2235,-141,-175,-54
29118,2236,-129,-159,-40
29131,2237,-117,-154,-9
29144,2238,-85,-126,30
29157,2239,-75,-121,54
29170,2240,-61,-102,90
29183,2241,-46,-61,132
29196,2242,-39,-49,145
29209,2243,-27,-15,157
29222,2244,-9,15,187
29235,2245,-9,48,183
29248,2246,-4,69,199
29261,2247,-12,112,210
29274,2248,-9,135,219
29287,2249,-4,169,226
29300,2250,-18,240,225
29313,2251,-12,262,226
29326,2252,-19,288,231
29339,2253,-33,331,229
29352,2254,-39,336,217
29365,2255,-43,360,231
29378,2256,-46,412,213
29391,2257,-61,411,204
29404,2258,-64,429,195
29417,2259,-72,468,159
29430,2260,-81,474,142
29443,2261,-90,507,118
29456,2262,-94,522,70
29469,2263,-117,538,39
29482,2264,-118,531,18
29495,2265,-133,549,-39
29508,2266,-145,547,-66
29521,2267,-166,544,-88
29534,2268,-168,544,-145
29547,2269,-207,531,-174
29560,2270,-232,535,-192
29573,2271,-244,519,-250
29586,2272,-288,504,-262
29599,2273,-303,492,-280
29612,2274,-301,489,-309
29625,2275,-325,483,-309
29638,2276,-327,471,-306
29651,2277,-345,469,-325
29664,2278,-366,480,-328
29677,2279,-375,466,-328
29690,2280,-391,463,-343
29703,2281,-430,460,-346
29716,2282,-448,465,-336
29729,2283,-468,453,-343
29742,2284,-522,459,-340
29755,2285,-543,451,-336
29768,2286,-571,445,-315
29781,2287,-612,451,-294
29794,2288,-639,451,-288
29807,2289,-648,454,-279
29820,2290,-685,450,-261
29833,2291,-688,450,-244
29846,2292,-700,447,-225
29859,2293,-727,447,-214
29872,2294,-729,441,-205
29885,2295,-744,450,-177
29898,2296,-756,453,-165
29911,2297,-775,465,-144
29924,2298,-768,468,-114
29937,2299,-775,466,-103
29950,2300,-789,474,-84
29963,2301,-790,465,-49
29976,2302,-780,475,-34
29989,2303,-802,468,-28
30002,2304,-793,472,15
30015,2305,-802,471,34
30028,2306,-805,460,66
30041,2307,-801,466,99
30054,2308,-793,456,112
30067,2309,-798,445,124
30080,2310,-802,433,151
30093,2311,-807,432,168
30106,2312,-799,412,175
30119,2313,-796,402,201
30132,2314,-792,394,219
30145,2315,-781,376,243
30158,2316,-769,342,274
30171,2317,-762,333,292
30184,2318,-750,325,309
30197,2319,-744,319,321
30210,2320,-733,309,339
30223,2321,-730,304,354
30236,2322,-705,283,367
30249,2323,-685,280,393
30262,2324,-661,273,394
30275,2325,-648,261,421
30288,2326,-604,244,429
30301,2327,-588,258,421
30314,2328,-579,237,441
30327,2329,-546,235,445
30340,2330,-537,238,454
30353,2331,-519,223,462
30366,2332,-489,219,450
30379,2333,-472,213,465
30392,2334,-453,207,462
30405,2335,-418,199,466
30418,2336,-402,207,466
30431,2337,-393,208,465
30444,2338,-355,213,459
30457,2339,-330,220,459
30470,2340,-316,229,450
30483,2341,-279,228,435
30496,2342,-246,232,429
30509,2343,-217,228,393
30522,2344,-174,225,378
30535,2345,-145,211,358
30548,2346,-108,178,327
30561,2347,-78,153,297
30574,2348,-58,138,270
30587,2349,-60,106,243
30600,2350,-42,90,228
30613,2351,-55,88,223
30626,2352,-43,67,204
30639,2353,-40,51,198
30652,2354,-40,43,183
30665,2355,-37,10,150
30678,2356,-43,3,126
30691,2357,-64,-24,109
30704,2358,-63,-43,97
30717,2359,-63,-51,84
30730,2360,-70,-70,64
30743,2361,-70,-79,36
30756,2362,-84,-85,40
30769,2363,-91,-88,22
30782,2364,-90,-87,12
30795,2365,-94,-102,4
30808,2366,-87,-99,-12
30821,2367,-91,-94,-36
30834,2368,-93,-102,-52
30847,2369,-99,-94,-73
30860,2370,-91,-91,-96
30873,2371,-88,-85,-105
30886,2372,-99,-84,-108
30899,2373,-91,-72,-136
30912,2374,-96,-75,-141
30925,2375,-105,-66,-157
30938,2376,-102,-67,-195
30951,2377,-121,-73,-202
30964,2378,-136,-67,-217
30977,2379,-130,-69,-244
30990,2380,-181,-82,-244
31003,2381,-202,-99,-247
31016,2382,-207,-106,-264
31029,2383,-255,-126,-270
31042,2384,-271,-127,-285
31055,2385,-283,-121,-279
31068,2386,-330,-145,-285
31081,2387,-331,-151,-271
31094,2388,-349,-151,-282
31107,2389,-319,-168,-265
31120,2390,-298,-166,-261
31133,2391,-310,-174,-243
31146,2392,-313,-183,-241
31159,2393,-306,-186,-253
31172,2394,-297,-186,-243
31185,2395,-300,-184,-241
31198,2396,-307,-184,-244
31211,2397,-306,-192,-232
31224,2398,-298,-190,-225
31237,2399,-300,-195,-240
31250,2400,-279,-183,-232
31263,2401,-255,-168,-234
31276,2402,-241,-168,-237
31289,2403,-229,-165,-219
31302,2404,-192,-136,-214
31315,2405,-163,-129,-207
31328,2406,-144,-123,-186
31341,2407,-94,-96,-172
31354,2408,-81,-78,-168
31367,2409,-57,-66,-142
31380,2410,-30,-24,-135
31393,2411,-19,-3,-121
31406,2412,-13,16,-106
31419,2413,15,61,-97
31432,2414,18,84,-99
31445,2415,19,120,-106
31458,2416,28,177,-97
31471,2417,25,210,-91
31484,2418,24,223,-88
31497,2419,22,231,-84
31510,2420,21,237,-84
31523,2421,18,235,-72
31536,2422,30,223,-70
31549,2423,25,222,-75
31562,2424,19,235,-87
31575,2425,16,253,-99
31588,2426,13,261,-108
31601,2427,0,273,-136
31614,2428,-13,288,-151
31627,2429,-21,306,-159
31640,2430,-30,298,-177
31653,2431,-42,321,-189
31666,2432,-52,322,-204
31679,2433,-67,328,-220
31692,2434,-79,337,-217
31705,2435,-70,342,-226
31718,2436,-90,336,-231
31731,2437,-103,346,-244
31744,2438,-106,354,-249
31757,2439,-102,349,-258
31770,2440,-124,357,-264
31783,2441,-133,346,-271
31796,2442,-129,346,-288
31809,2443,-154,345,-301
31822,2444,-168,334,-301
31835,2445,-159,325,-324
31848,2446,-184,288,-333
31861,2447,-195,280,-361
31874,2448,-205,270,-364
31887,2449,-232,231,-370
31900,2450,-247,225,-381
31913,2451,-255,204,-378
31926,2452,-271,174,-381
31939,2453,-270,162,-387
31952,2454,-288,151,-391
31965,2455,-307,138,-387
31978,2456,-319,118,-381
31991,2457,-316,120,-384
32004,2458,-337,96,-396
32017,2459,-340,85,-391
32030,2460,-342,90,-393
32043,2461,-357,57,-381
32056,2462,-363,31,-369
32069,2463,-378,24,-348
32082,2464,-394,-36,-342
32095,2465,-429,-64,-324
32108,2466,-427,-87,-297
32121,2467,-436,-93,-282
32134,2468,-447,-100,-288
32147,2469,-457,-114,-280
32160,2470,-481,-108,-277
32173,2471,-490,-112,-271
32186,2472,-523,-112,-264
32199,2473,-553,-103,-258
32212,2474,-582,-99,-247
32225,2475,-601,-88,-246
32238,2476,-645,-73,-229
32251,2477,-675,-82,-216
32264,2478,-685,-70,-172
32277,2479,-717,-73,-157
32290,2480,-733,-63,-141
32303,2481,-750,-43,-129
32316,2482,-775,-6,-120
32329,2483,-795,4,-112
32342,2484,-805,31,-109
32355,2485,-837,66,-96
32368,2486,-844,103,-78
32381,2487,-843,117,-78
32394,2488,-853,150,-69
32407,2489,-850,163,-63
32420,2490,-862,181,-69
32433,2491,-859,217,-76
32446,2492,-846,235,-75
32459,2493,-849,261,-82
32472,2494,-840,298,-94
32485,2495,-834,313,-87
32498,2496,-820,328,-87
32511,2497,-814,378,-91
32524,2498,-802,397,-85
32537,2499,-789,433,-72
